<?xml version="1.0" encoding="UTF-8"?>
<Entities
 build="b937"
 majorVersion="8"
 minorVersion="3"
 modelPersistenceProviderPackage="PostgresPersistenceProviderPackage"
 revision="3"
 schemaVersion="1030"
 universal="">
    <Mashups>
        <Mashup
         aspect.isResponsive="true"
         aspect.mashupType="mashup"
         columns="0.0"
         description=""
         documentationContent=""
         homeMashup=""
         lastModifiedDate="2019-01-24T19:00:33.133+05:30"
         name="WeatherMashup"
         projectName=""
         rows="0.0"
         tags="Weather:Yahoo Tag">
            <avatar></avatar>
            <DesignTimePermissions>
                <Create></Create>
                <Read></Read>
                <Update></Update>
                <Delete></Delete>
                <Metadata></Metadata>
            </DesignTimePermissions>
            <RunTimePermissions></RunTimePermissions>
            <VisibilityPermissions>
                <Visibility></Visibility>
            </VisibilityPermissions>
            <ConfigurationTableDefinitions></ConfigurationTableDefinitions>
            <ConfigurationTables></ConfigurationTables>
            <ParameterDefinitions></ParameterDefinitions>
            <Things>
                <Thing>WeatherThing</Thing>
            </Things>
            <ThingShapes></ThingShapes>
            <ThingTemplates></ThingTemplates>
            <mashupContent>
            <![CDATA[
            {
              "ConfigurationTables" : { },
              "CustomMashupCss" : "",
              "Data" : {
                "Session" : {
                  "DataName" : "Session",
                  "EntityName" : "",
                  "EntityType" : "Session",
                  "Id" : "session",
                  "Services" : [ {
                    "APIMethod" : "post",
                    "Characteristic" : "Services",
                    "Id" : "SessionInterface",
                    "Name" : "GetGlobalSessionValues",
                    "Parameters" : { },
                    "RefreshInterval" : 0,
                    "Target" : "GetGlobalSessionValues"
                  } ]
                },
                "Things_WeatherThing" : {
                  "DataName" : "Things_WeatherThing",
                  "EntityName" : "WeatherThing",
                  "EntityType" : "Things",
                  "Id" : "5cd269ef-c37a-4f9f-a7d9-ea8dd6e2a4c6",
                  "Services" : [ {
                    "APIMethod" : "post",
                    "Characteristic" : "Services",
                    "Id" : "1273a441-7698-4268-8e27-d4c7c7017b65",
                    "Name" : "GetYahooWeatherInformation",
                    "Parameters" : { },
                    "RefreshInterval" : 0,
                    "Target" : "GetYahooWeatherInformation"
                  } ]
                },
                "UserExtensions" : {
                  "DataName" : "UserExtensions",
                  "EntityName" : "",
                  "EntityType" : "UserExtensions",
                  "Id" : "UserExtensions",
                  "Services" : [ {
                    "APIMethod" : "post",
                    "Characteristic" : "Services",
                    "Id" : "UserExtensionInterface",
                    "Name" : "GetCurrentUserExtensionProperties",
                    "Parameters" : { },
                    "RefreshInterval" : 0,
                    "Target" : "GetCurrentUserExtensionProperties"
                  } ]
                }
              },
              "DataBindings" : [ {
                "Id" : "23cb914f-967a-4389-a769-05da00634c36",
                "PropertyMaps" : [ {
                  "SourceProperty" : "Location",
                  "SourcePropertyBaseType" : "LOCATION",
                  "TargetProperty" : "location",
                  "TargetPropertyBaseType" : "LOCATION",
                  "TargetPropertyType" : "Parameter"
                } ],
                "SourceArea" : "UI",
                "SourceId" : "googlelocation-11",
                "SourceSection" : "",
                "TargetArea" : "Data",
                "TargetId" : "GetYahooWeatherInformation",
                "TargetSection" : "Things_WeatherThing"
              }, {
                "Id" : "423c8fb8-abc0-4d4b-aac5-dd214f21f130",
                "PropertyMaps" : [ {
                  "SourceProperty" : "",
                  "SourcePropertyBaseType" : "INFOTABLE",
                  "SourcePropertyType" : "InfoTable",
                  "TargetProperty" : "Data",
                  "TargetPropertyBaseType" : "INFOTABLE",
                  "TargetPropertyType" : "property"
                } ],
                "SourceArea" : "Data",
                "SourceDetails" : "AllData",
                "SourceId" : "GetYahooWeatherInformation",
                "SourceSection" : "Things_WeatherThing",
                "TargetArea" : "UI",
                "TargetId" : "dhxgrid-14",
                "TargetSection" : ""
              }, {
                "Id" : "9e2c3bf9-70ad-48aa-94d8-b85428ead7b1",
                "PropertyMaps" : [ {
                  "SourceProperty" : "Location",
                  "SourcePropertyBaseType" : "LOCATION",
                  "SourcePropertyType" : "Property",
                  "TargetProperty" : "SelectedLocation",
                  "TargetPropertyBaseType" : "LOCATION",
                  "TargetPropertyType" : "property"
                } ],
                "SourceArea" : "UI",
                "SourceId" : "googlelocation-11",
                "SourceSection" : "",
                "TargetArea" : "UI",
                "TargetId" : "googlemap-13",
                "TargetSection" : ""
              } ],
              "DesignTimePermissions" : { },
              "Events" : [ {
                "EventHandlerArea" : "Data",
                "EventHandlerId" : "Things_WeatherThing",
                "EventHandlerService" : "GetYahooWeatherInformation",
                "EventTriggerArea" : "Mashup",
                "EventTriggerEvent" : "Loaded",
                "EventTriggerId" : "mashup-root",
                "EventTriggerSection" : "",
                "Id" : "2920633f-2ddb-45bb-9f02-ece30ca56fc2"
              }, {
                "EventHandlerArea" : "Data",
                "EventHandlerId" : "Things_WeatherThing",
                "EventHandlerService" : "GetYahooWeatherInformation",
                "EventTriggerArea" : "UI",
                "EventTriggerEvent" : "Clicked",
                "EventTriggerId" : "button-12",
                "EventTriggerSection" : "",
                "Id" : "228cb90a-35a8-49f2-ada7-fd915b1c8041"
              } ],
              "RunTimePermissions" : { },
              "UI" : {
                "Properties" : {
                  "AddToDashboardButtonStyle" : "DefaultAddToDashboardButtonStyle",
                  "Area" : "Mashup",
                  "BGImageRepeat" : "no-repeat",
                  "BGImageSize" : "auto",
                  "Columns" : 0,
                  "ConfigureGadgetButtonStyle" : "DefaultConfigureGadgetButtonStyle",
                  "DisplayName" : "Mashup",
                  "EnableParameterEditing" : false,
                  "Height" : 618,
                  "Id" : "mashup-root",
                  "IgnoreWarningsInViewMashup" : false,
                  "IsPrintLayout" : false,
                  "Left" : 0,
                  "MashupToEditGadget" : "DefaultMashupToEditGadget",
                  "MinHeight" : 0,
                  "MinWidth" : 0,
                  "ResponsiveLayout" : true,
                  "Rows" : 0,
                  "ShowDataLoading" : true,
                  "Style" : "DefaultMashupStyle",
                  "Title" : "",
                  "TitleBar" : false,
                  "TitleBarStyle" : "DefaultTitleBarStyle",
                  "TitleBarText" : "Gadget Title Here",
                  "Top" : 0,
                  "Type" : "mashup",
                  "Visible" : true,
                  "Width" : 1024,
                  "Z-index" : 10,
                  "__TypeDisplayName" : "Mashup",
                  "id_index" : 14,
                  "supportsAutoResize" : true
                },
                "Widgets" : [ {
                  "Properties" : {
                    "Area" : "UI",
                    "Columns" : 2,
                    "DisplayName" : "layout-1",
                    "Footer" : false,
                    "FooterHeight" : 0,
                    "Header" : false,
                    "HeaderHeight" : 0,
                    "Id" : "layout-1",
                    "IncludeSpacingInFixedAreas" : false,
                    "IsPrintLayout" : false,
                    "Left" : 80,
                    "LeftSidebar" : false,
                    "LeftSidebarWidth" : 0,
                    "Orientation" : "horizontal",
                    "PctColumn1" : 50,
                    "PctColumn2" : 50,
                    "PctColumn3" : 1,
                    "PctColumn4" : 1,
                    "PctColumn5" : 1,
                    "PctColumn6" : 1,
                    "PctColumn7" : 1,
                    "PctColumn8" : 1,
                    "PctRow1" : 50,
                    "PctRow2" : 50,
                    "PctRow3" : 0,
                    "PctRow4" : 0,
                    "PctRow5" : 0,
                    "PctRow6" : 0,
                    "PctRow7" : 0,
                    "PctRow8" : 0,
                    "PrintMarginLeftRight" : 0.5,
                    "PrintMarginTopBottom" : 0.5,
                    "PrintWidth" : 650,
                    "ResponsiveLayout" : true,
                    "RightSidebar" : false,
                    "RightSidebarWidth" : 0,
                    "Rows" : 0,
                    "ShowDataLoading" : true,
                    "Spacing" : 2,
                    "Top" : 125,
                    "Type" : "layout",
                    "Visible" : true,
                    "Z-index" : 10,
                    "__TypeDisplayName" : "Layout"
                  },
                  "Widgets" : [ {
                    "Properties" : {
                      "AnimateExpandCollapse" : true,
                      "Area" : "UI",
                      "BGImageRepeat" : "no-repeat",
                      "BGImageSize" : "auto",
                      "DisplayName" : "Column 1",
                      "ExpandCollapseTabLocation" : "outside",
                      "Expanded" : true,
                      "Id" : "container-2",
                      "MinHeight" : 0,
                      "MinWidth" : 0,
                      "Overlay" : false,
                      "OverlayIsTransparent" : false,
                      "ResponsiveLayout" : true,
                      "ShowDataLoading" : true,
                      "ShowExpandCollapseTab" : false,
                      "Style" : "DefaultContainerStyle",
                      "TabCollapseStyle" : "DefaultTabCollapseStyle",
                      "TabExpandStyle" : "DefaultTabExpandStyle",
                      "TabHeight" : 36,
                      "TabLocation" : "center",
                      "TabOffset" : 0,
                      "TabWidth" : 36,
                      "Type" : "container",
                      "Visible" : true,
                      "Z-index" : 10,
                      "__TypeDisplayName" : "Container"
                    },
                    "Widgets" : [ {
                      "Properties" : {
                        "Area" : "UI",
                        "Columns" : 0,
                        "DisplayName" : "layout-4",
                        "Footer" : false,
                        "FooterHeight" : 0,
                        "Header" : false,
                        "HeaderHeight" : 0,
                        "Id" : "layout-4",
                        "IncludeSpacingInFixedAreas" : false,
                        "IsPrintLayout" : false,
                        "Left" : 125,
                        "LeftSidebar" : false,
                        "LeftSidebarWidth" : 0,
                        "Orientation" : "vertical",
                        "PctColumn1" : 50,
                        "PctColumn2" : 50,
                        "PctColumn3" : 1,
                        "PctColumn4" : 1,
                        "PctColumn5" : 1,
                        "PctColumn6" : 1,
                        "PctColumn7" : 1,
                        "PctColumn8" : 1,
                        "PctRow1" : 50,
                        "PctRow2" : 50,
                        "PctRow3" : 0,
                        "PctRow4" : 0,
                        "PctRow5" : 0,
                        "PctRow6" : 0,
                        "PctRow7" : 0,
                        "PctRow8" : 0,
                        "PrintMarginLeftRight" : 0.5,
                        "PrintMarginTopBottom" : 0.5,
                        "PrintWidth" : 650,
                        "ResponsiveLayout" : true,
                        "RightSidebar" : false,
                        "RightSidebarWidth" : 0,
                        "Rows" : 2,
                        "ShowDataLoading" : true,
                        "Spacing" : 2,
                        "Top" : 140,
                        "Type" : "layout",
                        "Visible" : true,
                        "Z-index" : 10,
                        "__TypeDisplayName" : "Layout"
                      },
                      "Widgets" : [ {
                        "Properties" : {
                          "AnimateExpandCollapse" : true,
                          "Area" : "UI",
                          "BGImageRepeat" : "no-repeat",
                          "BGImageSize" : "auto",
                          "DisplayName" : "Row 1",
                          "ExpandCollapseTabLocation" : "outside",
                          "Expanded" : true,
                          "Id" : "container-5",
                          "MinHeight" : 0,
                          "MinWidth" : 0,
                          "Overlay" : false,
                          "OverlayIsTransparent" : false,
                          "ResponsiveLayout" : true,
                          "ShowDataLoading" : true,
                          "ShowExpandCollapseTab" : false,
                          "Style" : "DefaultContainerStyle",
                          "TabCollapseStyle" : "DefaultTabCollapseStyle",
                          "TabExpandStyle" : "DefaultTabExpandStyle",
                          "TabHeight" : 36,
                          "TabLocation" : "center",
                          "TabOffset" : 0,
                          "TabWidth" : 36,
                          "Type" : "container",
                          "Visible" : true,
                          "Z-index" : 10,
                          "__TypeDisplayName" : "Container"
                        },
                        "Widgets" : [ {
                          "Properties" : {
                            "Area" : "UI",
                            "DisplayName" : "panel-10",
                            "Height" : 200,
                            "HideScrollbars" : false,
                            "HorizontalAnchor" : "left",
                            "Id" : "panel-10",
                            "Left" : 130,
                            "ResponsiveLayout" : true,
                            "ShowDataLoading" : true,
                            "Style" : "DefaultPanelStyle",
                            "Top" : 70,
                            "Type" : "panel",
                            "VerticalAnchor" : "top",
                            "Visible" : true,
                            "Width" : 300,
                            "Z-index" : 10,
                            "__TypeDisplayName" : "Panel"
                          },
                          "Widgets" : [ {
                            "Properties" : {
                              "Area" : "UI",
                              "DisplayName" : "googlelocation-11",
                              "Elevation" : 0,
                              "Height" : 213,
                              "Id" : "googlelocation-11",
                              "Left" : 0.989593505859375,
                              "MapHeight" : 400,
                              "MapWidth" : 600,
                              "ResponsiveLayout" : false,
                              "ShowDataLoading" : true,
                              "ShowElevation" : true,
                              "ShowUnits" : true,
                              "Style" : "DefaultGoogleLocationStyle",
                              "TabSequence" : 0,
                              "Top" : 0.9895782470703125,
                              "Type" : "googlelocation",
                              "Units" : "WGS84",
                              "UseMap" : true,
                              "Visible" : true,
                              "Width" : 175,
                              "Z-index" : 10,
                              "__TypeDisplayName" : "Google Location Picker"
                            },
                            "Widgets" : [ ]
                          }, {
                            "Properties" : {
                              "ActiveStyle" : "DefaultButtonActiveStyle",
                              "Area" : "UI",
                              "CancelConfirmationButton" : "button2",
                              "ConfirmationButton1Label" : "Yes",
                              "ConfirmationButton2Label" : "No",
                              "ConfirmationPrompt" : "Do Action?",
                              "ConfirmationRequired" : false,
                              "ConfirmationTitle" : "Confirm Action",
                              "ContextId" : "",
                              "DefaultConfirmationButton" : "button1",
                              "Disabled" : false,
                              "DisabledStyle" : "DefaultButtonDisabledStyle",
                              "DisplayName" : "button-12",
                              "FocusStyle" : "DefaultButtonFocusStyle",
                              "Height" : 30,
                              "HoverStyle" : "DefaultButtonHoverStyle",
                              "IconAlignment" : "left",
                              "Id" : "button-12",
                              "Label" : "Button",
                              "Left" : 260,
                              "ResponsiveLayout" : false,
                              "RoundedCorners" : true,
                              "ShowDataLoading" : true,
                              "Style" : "DefaultButtonStyle",
                              "TabSequence" : 0,
                              "ToolTipField" : "",
                              "ToolTipStyle" : "DefaultTooltipStyle",
                              "Top" : 55,
                              "Type" : "button",
                              "Visible" : true,
                              "Width" : 75,
                              "Z-index" : 10,
                              "__TypeDisplayName" : "Button",
                              "__supportsTooltip" : true
                            },
                            "Widgets" : [ ]
                          } ]
                        } ]
                      }, {
                        "Properties" : {
                          "AnimateExpandCollapse" : true,
                          "Area" : "UI",
                          "BGImageRepeat" : "no-repeat",
                          "BGImageSize" : "auto",
                          "DisplayName" : "Row 2",
                          "ExpandCollapseTabLocation" : "outside",
                          "Expanded" : true,
                          "Id" : "container-6",
                          "MinHeight" : 0,
                          "MinWidth" : 0,
                          "Overlay" : false,
                          "OverlayIsTransparent" : false,
                          "ResponsiveLayout" : true,
                          "ShowDataLoading" : true,
                          "ShowExpandCollapseTab" : false,
                          "Style" : "DefaultContainerStyle",
                          "TabCollapseStyle" : "DefaultTabCollapseStyle",
                          "TabExpandStyle" : "DefaultTabExpandStyle",
                          "TabHeight" : 36,
                          "TabLocation" : "center",
                          "TabOffset" : 0,
                          "TabWidth" : 36,
                          "Type" : "container",
                          "Visible" : true,
                          "Z-index" : 10,
                          "__TypeDisplayName" : "Container"
                        },
                        "Widgets" : [ {
                          "Properties" : {
                            "Area" : "UI",
                            "AutoCenterBehavior" : "last-selected",
                            "AutoZoomBehavior" : "every-data-change",
                            "ClusterLocations" : false,
                            "DisplayName" : "googlemap-13",
                            "EnableLocationSelection" : false,
                            "EnableMarkerSelection" : true,
                            "EnableRegionSelection" : false,
                            "EndMarkerStyle" : "DefaultMapEndStyle",
                            "Height" : 200,
                            "Id" : "googlemap-13",
                            "Left" : 130,
                            "LocationField" : "location",
                            "MapSkin" : "normal",
                            "MapType" : "roadmap",
                            "MarkerField" : "",
                            "MarkerStyle" : "DefaultMapMarkerStyle",
                            "MultiSelect" : false,
                            "PathStyle" : "DefaultMapPathStyle",
                            "PlannedRouteLocationField" : "location",
                            "PlannedRouteStyle" : "DefaultMapRouteStyle",
                            "RegionFillOpacity" : 1,
                            "RegionLocationField" : "location",
                            "RegionLocationsField" : "locations",
                            "RegionMultiSelect" : false,
                            "RegionStyle" : "DefaultMapRegionStyle",
                            "ResponsiveLayout" : true,
                            "RouteLocationField" : "location",
                            "RouteStyle" : "DefaultMapRouteStyle",
                            "SelectedMarkerStyle" : "DefaultMapSelectedStyle",
                            "SelectedRegionStyle" : "DefaultMapRegionSelectedStyle",
                            "SelectionMarkerStyle" : "DefaultMapSelectionStyle",
                            "ShowDataLoading" : true,
                            "ShowEndMarker" : true,
                            "ShowMarkerTooltips" : true,
                            "ShowMarkers" : true,
                            "ShowPathBetweenMarkers" : false,
                            "ShowPlannedRoute" : false,
                            "ShowRegionTooltips" : false,
                            "ShowRegions" : false,
                            "ShowRoute" : false,
                            "ShowSelectionMarker" : false,
                            "ShowStartMarker" : true,
                            "ShowTraffic" : false,
                            "StartMarkerStyle" : "DefaultMapStartStyle",
                            "TooltipMashupHeight" : 300,
                            "TooltipMashupName" : "",
                            "TooltipMashupWidth" : 400,
                            "Top" : 35,
                            "Type" : "googlemap",
                            "Visible" : true,
                            "Width" : 400,
                            "Z-index" : 10,
                            "Zoom" : 8,
                            "__TypeDisplayName" : "Google Map"
                          },
                          "Widgets" : [ ]
                        } ]
                      } ]
                    } ]
                  }, {
                    "Properties" : {
                      "AnimateExpandCollapse" : true,
                      "Area" : "UI",
                      "BGImageRepeat" : "no-repeat",
                      "BGImageSize" : "auto",
                      "DisplayName" : "Column 2",
                      "ExpandCollapseTabLocation" : "outside",
                      "Expanded" : true,
                      "Id" : "container-3",
                      "MinHeight" : 0,
                      "MinWidth" : 0,
                      "Overlay" : false,
                      "OverlayIsTransparent" : false,
                      "ResponsiveLayout" : true,
                      "ShowDataLoading" : true,
                      "ShowExpandCollapseTab" : false,
                      "Style" : "DefaultContainerStyle",
                      "TabCollapseStyle" : "DefaultTabCollapseStyle",
                      "TabExpandStyle" : "DefaultTabExpandStyle",
                      "TabHeight" : 36,
                      "TabLocation" : "center",
                      "TabOffset" : 0,
                      "TabWidth" : 36,
                      "Type" : "container",
                      "Visible" : true,
                      "Z-index" : 10,
                      "__TypeDisplayName" : "Container"
                    },
                    "Widgets" : [ {
                      "Properties" : {
                        "Area" : "UI",
                        "Columns" : 0,
                        "DisplayName" : "layout-7",
                        "Footer" : false,
                        "FooterHeight" : 0,
                        "Header" : false,
                        "HeaderHeight" : 0,
                        "Id" : "layout-7",
                        "IncludeSpacingInFixedAreas" : false,
                        "IsPrintLayout" : false,
                        "Left" : 5,
                        "LeftSidebar" : false,
                        "LeftSidebarWidth" : 0,
                        "Orientation" : "vertical",
                        "PctColumn1" : 50,
                        "PctColumn2" : 50,
                        "PctColumn3" : 1,
                        "PctColumn4" : 1,
                        "PctColumn5" : 1,
                        "PctColumn6" : 1,
                        "PctColumn7" : 1,
                        "PctColumn8" : 1,
                        "PctRow1" : 100,
                        "PctRow2" : 100,
                        "PctRow3" : 0,
                        "PctRow4" : 0,
                        "PctRow5" : 0,
                        "PctRow6" : 0,
                        "PctRow7" : 0,
                        "PctRow8" : 0,
                        "PrintMarginLeftRight" : 0.5,
                        "PrintMarginTopBottom" : 0.5,
                        "PrintWidth" : 650,
                        "ResponsiveLayout" : true,
                        "RightSidebar" : false,
                        "RightSidebarWidth" : 0,
                        "Rows" : 1,
                        "ShowDataLoading" : true,
                        "Spacing" : 2,
                        "Top" : 125,
                        "Type" : "layout",
                        "Visible" : true,
                        "Z-index" : 10,
                        "__TypeDisplayName" : "Layout"
                      },
                      "Widgets" : [ {
                        "Properties" : {
                          "AnimateExpandCollapse" : true,
                          "Area" : "UI",
                          "BGImageRepeat" : "no-repeat",
                          "BGImageSize" : "auto",
                          "DisplayName" : "Row 2",
                          "ExpandCollapseTabLocation" : "outside",
                          "Expanded" : true,
                          "Id" : "container-9",
                          "MinHeight" : 0,
                          "MinWidth" : 0,
                          "Overlay" : false,
                          "OverlayIsTransparent" : false,
                          "ResponsiveLayout" : true,
                          "ShowDataLoading" : true,
                          "ShowExpandCollapseTab" : false,
                          "Style" : "DefaultContainerStyle",
                          "TabCollapseStyle" : "DefaultTabCollapseStyle",
                          "TabExpandStyle" : "DefaultTabExpandStyle",
                          "TabHeight" : 36,
                          "TabLocation" : "center",
                          "TabOffset" : 0,
                          "TabWidth" : 36,
                          "Type" : "container",
                          "Visible" : true,
                          "Z-index" : 10,
                          "__TypeDisplayName" : "Container"
                        },
                        "Widgets" : [ {
                          "Properties" : {
                            "AlignHeader" : false,
                            "Area" : "UI",
                            "AutoSelectFirstRow" : false,
                            "CellTextWrapping" : false,
                            "ColumnFormat" : {
                              "formatInfo" : [ {
                                "Align" : "left",
                                "AllowEdit" : false,
                                "FieldName" : "Link",
                                "FormatOptions" : {
                                  "FormatString" : "_blank",
                                  "renderer" : "HYPERLINK"
                                },
                                "Title" : "Link",
                                "ValidationExpression" : "",
                                "ValidationMessage" : "",
                                "Width" : "auto"
                              }, {
                                "Align" : "left",
                                "AllowEdit" : false,
                                "FieldName" : "Title",
                                "FormatOptions" : {
                                  "FormatString" : "full",
                                  "renderer" : "STRING"
                                },
                                "Title" : "Title",
                                "ValidationExpression" : "",
                                "ValidationMessage" : "",
                                "Width" : "auto"
                              }, {
                                "Align" : "left",
                                "AllowEdit" : false,
                                "FieldName" : "WeatherCondition",
                                "FormatOptions" : {
                                  "FormatString" : "image",
                                  "renderer" : "IMAGELINK"
                                },
                                "Title" : "WeatherCondition",
                                "ValidationExpression" : "",
                                "ValidationMessage" : "",
                                "Width" : "auto"
                              }, {
                                "Align" : "right",
                                "AllowEdit" : false,
                                "FieldName" : "WeatherTemp",
                                "FormatOptions" : {
                                  "FormatString" : "0.00",
                                  "renderer" : "NUMBER"
                                },
                                "Title" : "WeatherTemp",
                                "ValidationExpression" : "",
                                "ValidationMessage" : "",
                                "Width" : "auto"
                              }, {
                                "Align" : "left",
                                "AllowEdit" : false,
                                "FieldName" : "WindSpeed",
                                "FormatOptions" : {
                                  "FormatString" : "full",
                                  "renderer" : "STRING"
                                },
                                "Title" : "WindSpeed",
                                "ValidationExpression" : "",
                                "ValidationMessage" : "",
                                "Width" : "auto"
                              }, {
                                "Align" : "left",
                                "AllowEdit" : false,
                                "FieldName" : "WindDirection",
                                "FormatOptions" : {
                                  "FormatString" : "full",
                                  "renderer" : "STRING"
                                },
                                "Title" : "WindDirection",
                                "ValidationExpression" : "",
                                "ValidationMessage" : "",
                                "Width" : "auto"
                              }, {
                                "Align" : "left",
                                "AllowEdit" : false,
                                "FieldName" : "Sunrise",
                                "FormatOptions" : {
                                  "FormatString" : "full",
                                  "renderer" : "STRING"
                                },
                                "Title" : "Sunrise",
                                "ValidationExpression" : "",
                                "ValidationMessage" : "",
                                "Width" : "auto"
                              }, {
                                "Align" : "left",
                                "AllowEdit" : false,
                                "FieldName" : "Sunset",
                                "FormatOptions" : {
                                  "FormatString" : "full",
                                  "renderer" : "STRING"
                                },
                                "Title" : "Sunset",
                                "ValidationExpression" : "",
                                "ValidationMessage" : "",
                                "Width" : "auto"
                              }, {
                                "Align" : "left",
                                "AllowEdit" : false,
                                "FieldName" : "City",
                                "FormatOptions" : {
                                  "FormatString" : "full",
                                  "renderer" : "STRING"
                                },
                                "Title" : "City",
                                "ValidationExpression" : "",
                                "ValidationMessage" : "",
                                "Width" : "auto"
                              } ]
                            },
                            "CurrentScrollTop" : 0,
                            "DisplayName" : "dhxgrid-14",
                            "FocusStyle" : "DefaultFocusStyle",
                            "GridBackgroundStyle" : "DefaultGridBackgroundStyle",
                            "GridEditableFieldStyle" : "DefaultGridEditableFieldStyle",
                            "GridHeaderStyle" : "DefaultGridHeaderStyle",
                            "GridHeaderTextCase" : "capitalize",
                            "GridInvalidFieldStyle" : "DefaultGridInvalidFieldStyle",
                            "Height" : 200,
                            "Id" : "dhxgrid-14",
                            "IsEditable" : false,
                            "IsPrintLayout" : false,
                            "Left" : 60,
                            "MultiSelect" : false,
                            "ResponsiveLayout" : true,
                            "RowAlternateBackgroundStyle" : "DefaultRowAlternateBackgroundStyle",
                            "RowBackgroundStyle" : "DefaultRowBackgroundStyle",
                            "RowHeight" : 30,
                            "RowHoverStyle" : "DefaultRowHoverStyle",
                            "RowSelectedStyle" : "DefaultRowSelectedStyle",
                            "ScrollTop" : 0,
                            "ShowAllColumns" : false,
                            "ShowDataLoading" : true,
                            "TabSequence" : 0,
                            "Top" : 75,
                            "Type" : "dhxgrid",
                            "Visible" : true,
                            "Width" : 400,
                            "Z-index" : 10,
                            "__TypeDisplayName" : "Grid"
                          },
                          "Widgets" : [ ]
                        } ]
                      } ]
                    } ]
                  } ]
                } ]
              },
              "mashupType" : "mashup"
            }
            ]]>
            </mashupContent>
        </Mashup>
    </Mashups>
</Entities>
