<?xml version="1.0" encoding="UTF-8"?>
<Entities
 build="b937"
 majorVersion="8"
 minorVersion="3"
 modelPersistenceProviderPackage="PostgresPersistenceProviderPackage"
 revision="3"
 schemaVersion="1030"
 universal="">
    <DataShapes>
        <DataShape
         baseDataShape=""
         description=""
         documentationContent=""
         homeMashup=""
         lastModifiedDate="2019-01-24T16:16:39.694+05:30"
         name="YahooWeatherFeed"
         projectName=""
         tags="Weather:Yahoo Tag">
            <avatar></avatar>
            <DesignTimePermissions>
                <Create></Create>
                <Read></Read>
                <Update></Update>
                <Delete></Delete>
                <Metadata></Metadata>
            </DesignTimePermissions>
            <RunTimePermissions></RunTimePermissions>
            <VisibilityPermissions>
                <Visibility></Visibility>
            </VisibilityPermissions>
            <ConfigurationTableDefinitions></ConfigurationTableDefinitions>
            <ConfigurationTables></ConfigurationTables>
            <FieldDefinitions>
                <FieldDefinition
                 baseType="STRING"
                 description=""
                 name="City"
                 ordinal="9"></FieldDefinition>
                <FieldDefinition
                 baseType="HYPERLINK"
                 description=""
                 name="Link"
                 ordinal="1"></FieldDefinition>
                <FieldDefinition
                 baseType="STRING"
                 description=""
                 name="Sunrise"
                 ordinal="7"></FieldDefinition>
                <FieldDefinition
                 baseType="STRING"
                 description=""
                 name="Sunset"
                 ordinal="8"></FieldDefinition>
                <FieldDefinition
                 baseType="STRING"
                 description=""
                 name="Title"
                 ordinal="2"></FieldDefinition>
                <FieldDefinition
                 baseType="IMAGELINK"
                 description=""
                 name="WeatherCondition"
                 ordinal="3"></FieldDefinition>
                <FieldDefinition
                 baseType="NUMBER"
                 description=""
                 name="WeatherTemp"
                 ordinal="4"></FieldDefinition>
                <FieldDefinition
                 baseType="STRING"
                 description=""
                 name="WindDirection"
                 ordinal="6"></FieldDefinition>
                <FieldDefinition
                 baseType="STRING"
                 description=""
                 name="WindSpeed"
                 ordinal="5"></FieldDefinition>
            </FieldDefinitions>
        </DataShape>
    </DataShapes>
</Entities>
