<?xml version="1.0" encoding="UTF-8"?>
<Entities
 build="b937"
 majorVersion="8"
 minorVersion="3"
 modelPersistenceProviderPackage="PostgresPersistenceProviderPackage"
 revision="3"
 schemaVersion="1030"
 universal="">
    <Things>
        <Thing
         description="weather thing for weather app demo"
         documentationContent=""
         effectiveThingPackage="ConfiguredThing"
         enabled="true"
         homeMashup=""
         identifier=""
         lastModifiedDate="2019-01-24T16:24:20.054+05:30"
         name="WeatherThing"
         projectName=""
         published="false"
         tags="Weather:Yahoo Tag"
         thingTemplate="GenericThing"
         valueStream="">
            <avatar></avatar>
            <DesignTimePermissions>
                <Create></Create>
                <Read></Read>
                <Update></Update>
                <Delete></Delete>
                <Metadata></Metadata>
            </DesignTimePermissions>
            <RunTimePermissions></RunTimePermissions>
            <VisibilityPermissions>
                <Visibility></Visibility>
            </VisibilityPermissions>
            <ConfigurationTableDefinitions></ConfigurationTableDefinitions>
            <ConfigurationTables></ConfigurationTables>
            <ThingShape>
                <PropertyDefinitions></PropertyDefinitions>
                <ServiceDefinitions>
                    <ServiceDefinition
                     aspect.isAsync="false"
                     category=""
                     description=""
                     isAllowOverride="false"
                     isLocalOnly="false"
                     isOpen="false"
                     isPrivate="false"
                     name="GetYahooWeatherInformation">
                        <ResultType
                         aspect.dataShape="YahooWeatherFeed"
                         baseType="INFOTABLE"
                         description=""
                         name="result"
                         ordinal="0"></ResultType>
                        <ParameterDefinitions>
                            <FieldDefinition
                             aspect.defaultValue="39.0,-111.0,0.0"
                             baseType="LOCATION"
                             description=""
                             name="location"
                             ordinal="1"></FieldDefinition>
                        </ParameterDefinitions>
                    </ServiceDefinition>
                </ServiceDefinitions>
                <EventDefinitions></EventDefinitions>
                <ServiceMappings></ServiceMappings>
                <ServiceImplementations>
                    <ServiceImplementation
                     description=""
                     handlerName="Script"
                     name="GetYahooWeatherInformation">
                        <ConfigurationTables>
                            <ConfigurationTable
                             description="Script"
                             isMultiRow="false"
                             name="Script"
                             ordinal="0">
                                <DataShape>
                                    <FieldDefinitions>
                                        <FieldDefinition
                                         baseType="STRING"
                                         description="code"
                                         name="code"
                                         ordinal="0"></FieldDefinition>
                                    </FieldDefinitions>
                                </DataShape>
                                <Rows>
                                    <Row>
                                        <code>
                                        <![CDATA[
                                        var stringLocation=location+" ";
                                        var arrayLocations=stringLocation.split(",");
                                        var lat=arrayLocations[0];
                                        var long=arrayLocations[1];
                                        var params = {
                                        url: "http://api.openweathermap.org/data/2.5/forecast?lat="+lat+"&lon="+long+"&units=metric&type=accurate&mode=xml&APPID=4abc8a3c9f101ccf9c7cfe7cbf3dfed7" /* STRING */,
                                        timeout: 160 /* NUMBER */
                                        };
                                        // result: XML
                                        var xmlPage = Resources["ContentLoaderFunctions"].LoadXML(params);
                                        var params = {
                                        infoTableName : "InfoTable",
                                        dataShapeName : "YahooWeatherFeed"
                                        };
                                        var result = Resources["InfoTableFunctions"].CreateInfoTableFromDataShape(params);
                                        var from_today_value=xmlPage.forecast.time[0].@from.substring(0,10);
                                        logger.warn("from_today_value= "+from_today_value);
                                        for each (var item in xmlPage.forecast.time) {
                                        var row = new Object();
                                        var from_current_value=item.@from.substring(0,10);
                                        row.WindDirection = item.windDirection.@name;
                                        row.WindSpeed=item.windSpeed.@mps;
                                        row.WeatherTemp=parseInt(item.temperature.@value);
                                        row.WeatherHumidity=parseFloat(item.humidity.@value);
                                        row.From =  item.@from;
                                        row.To =  item.@to;
                                        row.Title=xmlPage.location.name+" "+xmlPage.location.country;
                                        row.Precipitation=(item.precipitation.@type+" "+item.precipitation.@value)==" "?"NoPrecipitation":item.precipitation.@type;
                                        result.AddRow(row);
                                        }
                                        ]]>
                                        </code>
                                    </Row>
                                </Rows>
                            </ConfigurationTable>
                        </ConfigurationTables>
                    </ServiceImplementation>
                </ServiceImplementations>
                <Subscriptions></Subscriptions>
            </ThingShape>
            <PropertyBindings></PropertyBindings>
            <RemotePropertyBindings></RemotePropertyBindings>
            <RemoteServiceBindings></RemoteServiceBindings>
            <RemoteEventBindings></RemoteEventBindings>
            <AlertConfigurations></AlertConfigurations>
            <ImplementedShapes></ImplementedShapes>
            <ThingProperties></ThingProperties>
        </Thing>
    </Things>
</Entities>
