<?xml version="1.0" encoding="UTF-8"?>
<Entities
 build="b937"
 majorVersion="8"
 minorVersion="3"
 modelPersistenceProviderPackage="PostgresPersistenceProviderPackage"
 revision="3"
 schemaVersion="1030"
 universal="">
    <Things>
        <Thing
         description=""
         documentationContent=""
         effectiveThingPackage="PTC.Converge.App.CustomizedAccessAppConfigPackage"
         enabled="true"
         homeMashup="WeatherMashup"
         identifier=""
         lastModifiedDate="2019-01-25T12:11:51.324+05:30"
         name="WeatherApp"
         projectName=""
         published="false"
         tags="CustomizedApps:Custom apps;Weather:Yahoo Tag"
         thingTemplate="PTC.Converge.App.CustomizedAccessAppConfigTemplate"
         valueStream="">
            <avatar></avatar>
            <DesignTimePermissions>
                <Create></Create>
                <Read></Read>
                <Update></Update>
                <Delete></Delete>
                <Metadata></Metadata>
            </DesignTimePermissions>
            <RunTimePermissions></RunTimePermissions>
            <VisibilityPermissions>
                <Visibility></Visibility>
            </VisibilityPermissions>
            <ConfigurationTableDefinitions></ConfigurationTableDefinitions>
            <ConfigurationTables>
                <ConfigurationTable
                 description="Access App Configuration"
                 isMultiRow="false"
                 name="Access App Configuration"
                 ordinal="0">
                    <DataShape>
                        <FieldDefinitions>
                            <FieldDefinition
                             aspect.dataShape="PTC.AccessApp.RoleConfigDataShape"
                             baseType="INFOTABLE"
                             description="Access App Role Based Configuration"
                             name="RoleBasedAccessAppConfig"
                             ordinal="0"></FieldDefinition>
                        </FieldDefinitions>
                    </DataShape>
                    <Rows>
                        <Row>
                            <RoleBasedAccessAppConfig>
                                <infoTable>
                                    <DataShape>
                                        <FieldDefinitions></FieldDefinitions>
                                    </DataShape>
                                    <Rows></Rows>
                                </infoTable>
                            </RoleBasedAccessAppConfig>
                        </Row>
                    </Rows>
                </ConfigurationTable>
            </ConfigurationTables>
            <ThingShape>
                <PropertyDefinitions></PropertyDefinitions>
                <ServiceDefinitions></ServiceDefinitions>
                <EventDefinitions></EventDefinitions>
                <ServiceMappings></ServiceMappings>
                <ServiceImplementations></ServiceImplementations>
                <Subscriptions></Subscriptions>
            </ThingShape>
            <PropertyBindings></PropertyBindings>
            <RemotePropertyBindings></RemotePropertyBindings>
            <RemoteServiceBindings></RemoteServiceBindings>
            <RemoteEventBindings></RemoteEventBindings>
            <AlertConfigurations></AlertConfigurations>
            <ImplementedShapes>
                <ImplementedShape
                 name="PTC.CustomAccessAppThingShape"
                 type="ThingShape"></ImplementedShape>
            </ImplementedShapes>
            <ThingProperties>
                <appIcon>
                    <Value>
                    <![CDATA[
                    WeatherAppIcon
                    ]]>
                    </Value>
                    <Timestamp>2019-01-25T12:08:47.595+05:30</Timestamp>
                    <Quality>GOOD</Quality>
                </appIcon>
                <tailoringMashupName>
                    <Value></Value>
                    <Timestamp>1970-01-01T05:30:00.000+05:30</Timestamp>
                    <Quality>UNKNOWN</Quality>
                </tailoringMashupName>
                <useCaseNameToken>
                    <Value>
                    <![CDATA[
                    WeatherApp
                    ]]>
                    </Value>
                    <Timestamp>2019-01-25T12:05:10.663+05:30</Timestamp>
                    <Quality>GOOD</Quality>
                </useCaseNameToken>
            </ThingProperties>
        </Thing>
    </Things>
</Entities>
